"","line","Author","Year","Title","Degree","DOI"
"1","*Anderson, Philip Reid. 2019. Spatial and Temporal Distributions of Larval Clupeid Fishes in a Tidal Freshwater Marsh Complex. Master of Science, VCU, Department of Biology. https://doi.org/10.25772/5SFR-2R22","*Anderson, Philip Reid.","2019","Spatial and Temporal Distributions of Larval Clupeid Fishes in a Tidal Freshwater Marsh Complex","Master of Science, VCU, Department of Biology","https://doi.org/10.25772/5SFR-2R22"
"2","*Baker, Stephen. 2009. Understanding the Genetic Consequences of Rapid Range Expansion: A Case Study Using the Invasive Microstegium vimineum Trin (Poaceae). Master of Science, VCU, Department of Biology. https://doi.org/10.25772/9A0S-6S24","*Baker, Stephen.","2009","Understanding the Genetic Consequences of Rapid Range Expansion: A Case Study Using the Invasive Microstegium vimineum Trin (Poaceae)","Master of Science, VCU, Department of Biology","https://doi.org/10.25772/9A0S-6S24"
"3","*Balazik, Matthew. 2012. Life History Analysis of James River Atlantic Sturgeon (Acipenser oxyrinchus oxyrinchus) with Implications for Management and Recovery of the Species. Doctor of Philosophy, VCU, Integrative Life Sciences. https://doi.org/10.25772/0YJQ-TT50 ","*Balazik, Matthew.","2012","Life History Analysis of James River Atlantic Sturgeon (Acipenser oxyrinchus oxyrinchus) with Implications for Management and Recovery of the Species","Doctor of Philosophy, VCU, Integrative Life Sciences","https://doi.org/10.25772/0YJQ-TT50"
"4","*Balmer, Adele. 2023. Population Demography of a Neotropical Migratory Songbird in the Face of a Changing Climate. Doctor of Philosophy, VCU, Integrative Life Sciences. https://doi.org/10.25772/NJKF-H356","*Balmer, Adele.","2023","Population Demography of a Neotropical Migratory Songbird in the Face of a Changing Climate","Doctor of Philosophy, VCU, Integrative Life Sciences","https://doi.org/10.25772/NJKF-H356"
"5","*Barker, Marion Kensey. 2014. Understanding the role of Stylochus ellipticus as a predator of Crassostrea virginica in Chesapeake Bay tributaries. Master of Science, VCU, Department of Biology. https://doi.org/10.25772/K42A-DE54","*Barker, Marion Kensey.","2014","Understanding the role of Stylochus ellipticus as a predator of Crassostrea virginica in Chesapeake Bay tributaries","Master of Science, VCU, Department of Biology","https://doi.org/10.25772/K42A-DE54"
"6","*Beck, Michael. 2017. The effect of chronic nutrient addition from wastewater on forest ecosystems at the Rice Rivers Center. Master of Science, VCU, Center for Environmental Studies. https://doi.org/10.25772/QK9W-PV53","*Beck, Michael.","2017","The effect of chronic nutrient addition from wastewater on forest ecosystems at the Rice Rivers Center","Master of Science, VCU, Center for Environmental Studies","https://doi.org/10.25772/QK9W-PV53"
"7","*Beckwith, Matthew. 2009. Coupling of autotrophic and heterotrophic plankton food web components in the tidal-freshwater James River, USA. Master of Science, VCU, Department of Biology. https://doi.org/10.25772/Z61W-GH24","*Beckwith, Matthew.","2009","Coupling of autotrophic and heterotrophic plankton food web components in the tidal-freshwater James River, USA","Master of Science, VCU, Department of Biology","https://doi.org/10.25772/Z61W-GH24"
"8","*Berrier, David J. 2019. Response and recovery of syntrophic and methanogenic activity to saltwater intrusion in a tidal freshwater marsh soil. Master of Science, VCU, Department of Biology. https://doi.org/10.25772/M5BB-AJ60","*Berrier, David J.","2019","Response and recovery of syntrophic and methanogenic activity to saltwater intrusion in a tidal freshwater marsh soil","Master of Science, VCU, Department of Biology","https://doi.org/10.25772/M5BB-AJ60"
"9","*Carpenter, Wyatt. 2016. Valuing Natural Space and Landscape Fragmentation in Richmond, VA. Master of Science, VCU, Center for Environmental Studies. https://doi.org/10.25772/300Y-T617 ","*Carpenter, Wyatt.","2016","Valuing Natural Space and Landscape Fragmentation in Richmond, VA","Master of Science, VCU, Center for Environmental Studies","https://doi.org/10.25772/300Y-T617"
"10","*Carr, Daniel. 2010. Canopy Disturbance and Reproduction in Cornus florida L. Master of Science, VCU, Department of Biology. https://doi.org/10.25772/ZFZK-4G21 ","*Carr, Daniel.","2010","Canopy Disturbance and Reproduction in Cornus florida L","Master of Science, VCU, Department of Biology","https://doi.org/10.25772/ZFZK-4G21"
"11","*Cartozzo, Claire. 2020. DNA Analysis and the Postmortem Submersion Interval from the Microbiome of Waterlogged Sus scrofa Skeletal Remains. Doctor of Philosophy, VCU, Integrative Life Sciences. https://doi.org/10.25772/N1RS-8176","*Cartozzo, Claire.","2020","DNA Analysis and the Postmortem Submersion Interval from the Microbiome of Waterlogged Sus scrofa Skeletal Remains","Doctor of Philosophy, VCU, Integrative Life Sciences","https://doi.org/10.25772/N1RS-8176"
"12","*Charbonnier, Julie. 2017. Persistence of the Larval Environment on Post-Metamorphic Performance and Population Dynamics in Amphibians. Doctor of Philosophy, VCU, Integrative Life Sciences. https://doi.org/10.25772/D730-6P55","*Charbonnier, Julie.","2017","Persistence of the Larval Environment on Post-Metamorphic Performance and Population Dynamics in Amphibians","Doctor of Philosophy, VCU, Integrative Life Sciences","https://doi.org/10.25772/D730-6P55"
"13","*Chen, Elsa B. 2020. The Influence of Breeding Density on Female Aggression, Parental Care, and Ornamentation in a Secondary-Cavity Nesting Warbler. Master of Science, VCU, Department of Biology. https://doi.org/10.25772/CPMS-1A73 ","*Chen, Elsa B.","2020","The Influence of Breeding Density on Female Aggression, Parental Care, and Ornamentation in a Secondary-Cavity Nesting Warbler","Master of Science, VCU, Department of Biology","https://doi.org/10.25772/CPMS-1A73"
"14","*Colteaux, Benjamin C. 2017. The Status of Snapping Turtles (Chelydra serpentina) in Virginia: Population Viability, Demography, Regulatory Analysis, and Conservation. Doctor of Philosophy, VCU, Integrative Life Sciences. https://doi.org/10.25772/GSHD-MH77","*Colteaux, Benjamin C.","2017","The Status of Snapping Turtles (Chelydra serpentina) in Virginia: Population Viability, Demography, Regulatory Analysis, and Conservation","Doctor of Philosophy, VCU, Integrative Life Sciences","https://doi.org/10.25772/GSHD-MH77"
"15","*Cooper, Rachel. 2012. Ocean acidification: understanding the coastal carbon pump in a high CO2 world. Master of Science, VCU, Department of Biology. https://doi.org/10.25772/2WAJ-TQ97","*Cooper, Rachel.","2012","Ocean acidification: understanding the coastal carbon pump in a high CO2 world","Master of Science, VCU, Department of Biology","https://doi.org/10.25772/2WAJ-TQ97"
"16","*Coughter, Mary B. 2021. Comparison of antibiotic resistance in biofilm, sediment, and planktonic communities of the James River. Master of Science, VCU, Department of Biology. https://doi.org/10.25772/P7RS-T480","*Coughter, Mary B.","2021","Comparison of antibiotic resistance in biofilm, sediment, and planktonic communities of the James River","Master of Science, VCU, Department of Biology","https://doi.org/10.25772/P7RS-T480"
"17","*Crane, Sarah. 2008. Effects of Predation Risk, Density and Disease on Energy Efficiency in a Larval Anuran. Master of Science, VCU, Department of Biology. https://doi.org/10.25772/MZ2J-QY83 ","*Crane, Sarah.","2008","Effects of Predation Risk, Density and Disease on Energy Efficiency in a Larval Anuran","Master of Science, VCU, Department of Biology","https://doi.org/10.25772/MZ2J-QY83"
"18","*Dang, Chansotheary. 2016. Response of Soil Microbial Communities to Saltwater Intrusion in Tidal Freshwater Wetlands. Master of Science, VCU, Department of Biology. https://doi.org/10.25772/4AQD-MQ96","*Dang, Chansotheary.","2016","Response of Soil Microbial Communities to Saltwater Intrusion in Tidal Freshwater Wetlands","Master of Science, VCU, Department of Biology","https://doi.org/10.25772/4AQD-MQ96"
"19","*Darling, Alyssa. 2020. Solid Phase Extraction and High-Precision Mass Spectrometry Analysis Methods for Crassostrea virginica Metabolome. Master of Science, VCU, Department of Biology. https://doi.org/10.25772/XQ3G-R653","*Darling, Alyssa.","2020","Solid Phase Extraction and High-Precision Mass Spectrometry Analysis Methods for Crassostrea virginica Metabolome","Master of Science, VCU, Department of Biology","https://doi.org/10.25772/XQ3G-R653"
"20","*Davis, Melissa J. 2017. Quantifying current sediment deposition, legacy sediments, and pre-impoundment vertical accretion and carbon dynamics following dam removal in a recently restored tidal freshwater wetland. Master of Science, VCU, Center for Environmental Studies. https://doi.org/10.25772/62RE-W124","*Davis, Melissa J.","2017","Quantifying current sediment deposition, legacy sediments, and pre-impoundment vertical accretion and carbon dynamics following dam removal in a recently restored tidal freshwater wetland","Master of Science, VCU, Center for Environmental Studies","https://doi.org/10.25772/62RE-W124"
"21","*DeSaix, Matthew G. 2018. Migratory patterns and population genetic structure in a declining wetland-dependent songbird. Master of Science, VCU, Center for Environmental Studies. https://doi.org/10.25772/M69E-6856","*DeSaix, Matthew G.","2018","Migratory patterns and population genetic structure in a declining wetland-dependent songbird","Master of Science, VCU, Center for Environmental Studies","https://doi.org/10.25772/M69E-6856"
"22","*Deemy, James B. 2012. Spatial Patterns of Herbaceous and Woody Recruitment in a Recently Restored Mixed Tidal Regime Freshwater Wetland. Master of Science, VCU, Center for Environmental Studies. https://doi.org/10.25772/3W7Q-FQ90 ","*Deemy, James B.","2012","Spatial Patterns of Herbaceous and Woody Recruitment in a Recently Restored Mixed Tidal Regime Freshwater Wetland","Master of Science, VCU, Center for Environmental Studies","https://doi.org/10.25772/3W7Q-FQ90"
"23","*Devore, Dana L. 2016. The Effects of Tidal Forcing on Nutrient Fluxes in the Tidal, Freshwater James River Estuary, VA. Master of Science, VCU, Center for Environmental Studies. https://doi.org/10.25772/HACN-P489","*Devore, Dana L.","2016","The Effects of Tidal Forcing on Nutrient Fluxes in the Tidal, Freshwater James River Estuary, VA","Master of Science, VCU, Center for Environmental Studies","https://doi.org/10.25772/HACN-P489"
"24","*Dillard, Kristin C. 2017. A comparative analysis of geometric morphometrics across two Pseudemys turtle species in east central Virginia. Master of Science, VCU, Center for Environmental Studies. https://doi.org/10.25772/TA0F-XX11 ","*Dillard, Kristin C.","2017","A comparative analysis of geometric morphometrics across two Pseudemys turtle species in east central Virginia","Master of Science, VCU, Center for Environmental Studies","https://doi.org/10.25772/TA0F-XX11"
"25","*Dillon, Candace. 2009. Assessment of pre-PCR whole genome amplification of single pollen grains using flowering dogwood (Cornus florida). Master of Science, VCU, Department of Biology. https://doi.org/10.25772/8YPA-QX80 ","*Dillon, Candace.","2009","Assessment of pre-PCR whole genome amplification of single pollen grains using flowering dogwood (Cornus florida)","Master of Science, VCU, Department of Biology","https://doi.org/10.25772/8YPA-QX80"
"26","*Dodson, Jenna C. 2015. Prothonotary warbler nestling diet and growth in response to variation in aquatic and terrestrial food availability. Master of Science, VCU, Center for Environmental Studies. https://doi.org/10.25772/FNZF-S534 ","*Dodson, Jenna C.","2015","Prothonotary warbler nestling diet and growth in response to variation in aquatic and terrestrial food availability","Master of Science, VCU, Center for Environmental Studies","https://doi.org/10.25772/FNZF-S534"
"27","*Dougherty, Maureen E. 2008. Impoundment drawdown and stream restoration: impact on structure and function of Kimages Creek. Master of Science, VCU, Center for Environmental Studies. https://vcu.primo.exlibrisgroup.com/permalink/01VCU_INST/hj7ovl/alma99119783970001101 ","*Dougherty, Maureen E.","2008","Impoundment drawdown and stream restoration: impact on structure and function of Kimages Creek","Master of Science, VCU, Center for Environmental Studies","https://vcu.primo.exlibrisgroup.com/permalink/01VCU_INST/hj7ovl/alma99119783970001101"
"28","*Duvall, Amanda Dawn. 2007. A Comparison of the Pectoral Spines in Virginia Catfishes. Master of Science, VCU, Department of Biology. https://doi.org/10.25772/MW57-VY48","*Duvall, Amanda Dawn.","2007","A Comparison of the Pectoral Spines in Virginia Catfishes","Master of Science, VCU, Department of Biology","https://doi.org/10.25772/MW57-VY48"
"29","*Egghart, Chris. 2009. The Walter and Inger Rice Center for Environmental Through Time: A Study in Environmental Change, Human Land Use and its Effects along the Lower James River. Master of Arts, VCU, Department of History. https://doi.org/10.25772/HWN3-WW94 ","*Egghart, Chris.","2009","The Walter and Inger Rice Center for Environmental Through Time: A Study in Environmental Change, Human Land Use and its Effects along the Lower James River","Master of Arts, VCU, Department of History","https://doi.org/10.25772/HWN3-WW94"
"30","*Famularo, Joseph T. 2019. Nutrient Uptake Among Urban and Non-Urban Streams Within the Piedmont Physiographic Province of Virginia. Master of Science, VCU, Department of Biology.  https://doi.org/10.25772/NER7-0522","*Famularo, Joseph T.","2019","Nutrient Uptake Among Urban and Non-Urban Streams Within the Piedmont Physiographic Province of Virginia","Master of Science, VCU, Department of Biology","https://doi.org/10.25772/NER7-0522"
"31","*Fithian, Robert. 2009. Prothonotary Warbler (Protonotaria citrea) Plumage as an Indicator for Infection: The Relationship between Haemosporidia Infection and Breast Feather Reflectance in a Neotropical Migrant Passerine. Master of Science, VCU, Department of Biology. https://doi.org/10.25772/0707-TJ71 ","*Fithian, Robert.","2009","Prothonotary Warbler (Protonotaria citrea) Plumage as an Indicator for Infection: The Relationship between Haemosporidia Infection and Breast Feather Reflectance in a Neotropical Migrant Passerine","Master of Science, VCU, Department of Biology","https://doi.org/10.25772/0707-TJ71"
"32","*Frank, Julie. 2009. Factors Affecting Dissolved Oxygen Metabolism in Coastal Plain Streams of Virginia. Master of Science, VCU, Department of Biology. https://doi.org/10.25772/D5MB-2F20","*Frank, Julie.","2009","Factors Affecting Dissolved Oxygen Metabolism in Coastal Plain Streams of Virginia","Master of Science, VCU, Department of Biology","https://doi.org/10.25772/D5MB-2F20"
"33","*Frederick, Nicolas. 2009. Examining the Effects of Penning on Juvenile Eastern Box Turtles (Terrapene carolina carolina). Master of Science, VCU, Department of Biology. https://doi.org/10.25772/B6ST-SR57 ","*Frederick, Nicolas.","2009","Examining the Effects of Penning on Juvenile Eastern Box Turtles (Terrapene carolina carolina)","Master of Science, VCU, Department of Biology","https://doi.org/10.25772/B6ST-SR57"
"34","*Furry, John. 2011. Characterizing the distribution of planktonic fecal bacteria in the James River, Richmond, Virginia. Master of Science, VCU, Department of Biology. https://doi.org/10.25772/7AMD-RM62 ","*Furry, John.","2011","Characterizing the distribution of planktonic fecal bacteria in the James River, Richmond, Virginia","Master of Science, VCU, Department of Biology","https://doi.org/10.25772/7AMD-RM62"
"35","*Garey, Andrew L. 2015. The Effects of Hydropeaking on Lotic Benthic Macroinvertebrate Assemblages. Doctor of Philosophy, VCU, Integrative Life Sciences. https://doi.org/10.25772/1J84-S074","*Garey, Andrew L.","2015","The Effects of Hydropeaking on Lotic Benthic Macroinvertebrate Assemblages","Doctor of Philosophy, VCU, Integrative Life Sciences","https://doi.org/10.25772/1J84-S074"
"36","*Ghahramani, Zachary. 2010. Variation in sound production of the blue catfish, Ictalurus furcatus. Master of Science, VCU, Department of Biology. https://doi.org/10.25772/S4XH-7W75 ","*Ghahramani, Zachary.","2010","Variation in sound production of the blue catfish, Ictalurus furcatus","Master of Science, VCU, Department of Biology","https://doi.org/10.25772/S4XH-7W75"
"37","*Gifford, Susan B. 2011. Novel methodology for assessing phytoplankton response to pCO2 enrichment in fresh and saltwater. Master of Science, VCU, Department of Biology. https://doi.org/10.25772/BYSJ-FG62 ","*Gifford, Susan B.","2011","Novel methodology for assessing phytoplankton response to pCO2 enrichment in fresh and saltwater","Master of Science, VCU, Department of Biology","https://doi.org/10.25772/BYSJ-FG62"
"38","*Gillespie, Jaimie. 2013. The effects of saltwater intrusion on methanogen community abundance, structure, and activity. Master of Science, VCU, Department of Biology.  https://doi.org/10.25772/74P9-PY21 ","*Gillespie, Jaimie.","2013","The effects of saltwater intrusion on methanogen community abundance, structure, and activity","Master of Science, VCU, Department of Biology","https://doi.org/10.25772/74P9-PY21"
"39","*Grillo, Elena. 2009. Presence of Haemosporidia and Flaviviruses in Breeding Prothonotary Warblers (Protonotaria citrea): An Analysis of Spatial and Temporal Trends in Infection Prevalence and Associations with Reproductive Success. Master of Science, VCU, Department of Biology. https://doi.org/10.25772/425V-F750 ","*Grillo, Elena.","2009","Presence of Haemosporidia and Flaviviruses in Breeding Prothonotary Warblers (Protonotaria citrea): An Analysis of Spatial and Temporal Trends in Infection Prevalence and Associations with Reproductive Success","Master of Science, VCU, Department of Biology","https://doi.org/10.25772/425V-F750"
"40","*Hall, Eric. 2011. Factors controlling dissolved organic carbon lability and ecological fate in the East Branch Swift River, Massachusetts. Master of Science, VCU, Department of Biology. https://doi.org/10.25772/T9NT-XY57 ","*Hall, Eric.","2011","Factors controlling dissolved organic carbon lability and ecological fate in the East Branch Swift River, Massachusetts","Master of Science, VCU, Department of Biology","https://doi.org/10.25772/T9NT-XY57"
"41","*Hastings, Emily. 2023. Applications of Urban Land Evaluation and Site Assessment (uLESA) in Chesterfield County, Virginia. Master of Science, VCU, Center for Environmental Studies. https://doi.org/10.25772/TDFZ-9667","*Hastings, Emily.","2023","Applications of Urban Land Evaluation and Site Assessment (uLESA) in Chesterfield County, Virginia","Master of Science, VCU, Center for Environmental Studies","https://doi.org/10.25772/TDFZ-9667"
"42","*Heidrich, Morton Catherine. 2013. Who's Your Daddy? A Study of Extra-Pair Copulation and Mating Behaviors of Protonotaria citrea. Master of Science, VCU, Department of Biology.  https://doi.org/10.25772/RE2K-8326","*Heidrich, Morton Catherine.","2013","Who's Your Daddy? A Study of Extra-Pair Copulation and Mating Behaviors of Protonotaria citrea","Master of Science, VCU, Department of Biology","https://doi.org/10.25772/RE2K-8326"
"43","*Hendrick, Lindsey R F. 2018. Climate Change and Mountaintop Removal Mining: A MaxEnt Assessment of the Potential Dual Threat to West Virginia Fishes. Master of Science, VCU, Center for Environmental Studies. https://doi.org/10.25772/KK2T-JH98","*Hendrick, Lindsey R F.","2018","Climate Change and Mountaintop Removal Mining: A MaxEnt Assessment of the Potential Dual Threat to West Virginia Fishes","Master of Science, VCU, Center for Environmental Studies","https://doi.org/10.25772/KK2T-JH98"
"44","*Higgins, Colleen B. 2006. Invasion Genetics of the Blue Catfish (Ictalurus furcatus) Range Expansion into Large River Ecosystems of the Chesapeake Bay Watershed. Master of Science, VCU, Department of Biology. https://doi.org/10.25772/386M-XE50 ","*Higgins, Colleen B.","2006","Invasion Genetics of the Blue Catfish (Ictalurus furcatus) Range Expansion into Large River Ecosystems of the Chesapeake Bay Watershed","Master of Science, VCU, Department of Biology","https://doi.org/10.25772/386M-XE50"
"45","*Hinkle, Jameson. 2015. Proof-of-concept of environmental DNA tools for Atlantic Sturgeon management. Master of Science, VCU, Center for Environmental Studies. https://doi.org/10.25772/GTRR-6C14","*Hinkle, Jameson.","2015","Proof-of-concept of environmental DNA tools for Atlantic Sturgeon management","Master of Science, VCU, Center for Environmental Studies","https://doi.org/10.25772/GTRR-6C14"
"46","*Hite, Jessica. 2009. Predator and abiotic effects on hatching phenotype and survival of arboreal frog eggs with implications for phytoplankton. Master of Science, VCU, Department of Biology. https://doi.org/10.25772/TFD8-E568 ","*Hite, Jessica.","2009","Predator and abiotic effects on hatching phenotype and survival of arboreal frog eggs with implications for phytoplankton","Master of Science, VCU, Department of Biology","https://doi.org/10.25772/TFD8-E568"
"47","*Hohenstein, Tyler A. 2022. Evaluating Population Genetic Structure and Potential Genomic Signals of Natural Selection in a Migratory Songbird (Protonotaria citrea). Master of Science, VCU, Center for Biological Data Science. https://doi.org/10.25772/9D3M-Z460","*Hohenstein, Tyler A.","2022","Evaluating Population Genetic Structure and Potential Genomic Signals of Natural Selection in a Migratory Songbird (Protonotaria citrea)","Master of Science, VCU, Center for Biological Data Science","https://doi.org/10.25772/9D3M-Z460"
"48","*Houtz, Holly S. 2008. Assessment of Coastal Plain Streams in Virginia: A Comparison of Macroinvertebrate and Fish Metrics. Master of Science, VCU, Department of Biology. https://vcu.primo.exlibrisgroup.com/permalink/01VCU_INST/hj7ovl/alma99119534700001101 ","*Houtz, Holly S.","2008","Assessment of Coastal Plain Streams in Virginia: A Comparison of Macroinvertebrate and Fish Metrics","Master of Science, VCU, Department of Biology","https://vcu.primo.exlibrisgroup.com/permalink/01VCU_INST/hj7ovl/alma99119534700001101"
"49","*Isenberg, William. 2012. Sources and Fates of Nutrients in the Tidal, Freshwater James River. Master of Science, VCU, Center for Environmental Studies. https://doi.org/10.25772/GJ69-5J45","*Isenberg, William.","2012","Sources and Fates of Nutrients in the Tidal, Freshwater James River","Master of Science, VCU, Center for Environmental Studies","https://doi.org/10.25772/GJ69-5J45"
"50","*James, Martin. 2009. The Responses of Blue Crabs (Callinectes sapidus) to Hypoxia/Hypercapnia in Freshwater. Master of Science, VCU, Center for Environmental Studies. https://doi.org/10.25772/7A6J-ZV34 ","*James, Martin.","2009","The Responses of Blue Crabs (Callinectes sapidus) to Hypoxia/Hypercapnia in Freshwater","Master of Science, VCU, Center for Environmental Studies","https://doi.org/10.25772/7A6J-ZV34"
"51","*Jenkins, Amy. 2010. Depth and time related variations of microbial communities in an emergent freshwater wetland. Master of Science, VCU, Department of Biology. https://doi.org/10.25772/5T5K-1927 ","*Jenkins, Amy.","2010","Depth and time related variations of microbial communities in an emergent freshwater wetland","Master of Science, VCU, Department of Biology","https://doi.org/10.25772/5T5K-1927"
"52","*Jones, Timothy B. 2019. Carbon Cycling Along the James River Continuum. Master of Science, VCU, Center for Environmental Studies. https://doi.org/10.25772/H1ZV-R416","*Jones, Timothy B.","2019","Carbon Cycling Along the James River Continuum","Master of Science, VCU, Center for Environmental Studies","https://doi.org/10.25772/H1ZV-R416"
"53","*Jurczak, Lauren J. 2021. Movement, home ranges, and population estimates of spotted turtles (Clemmys guttata) during a rainy breeding season in Virginia. Master of Science, VCU, Department of Biology.  https://doi.org/10.25772/CW5Y-EV53","*Jurczak, Lauren J.","2021","Movement, home ranges, and population estimates of spotted turtles (Clemmys guttata) during a rainy breeding season in Virginia","Master of Science, VCU, Department of Biology","https://doi.org/10.25772/CW5Y-EV53"
"54","*Keily, Elizabeth J. 2019. Groundwater quality assessment of the Piney Point aquifer in the Virginia Coastal Plain. Master of Science, VCU, Department of Biology. https://doi.org/10.25772/KFMJ-P165","*Keily, Elizabeth J.","2019","Groundwater quality assessment of the Piney Point aquifer in the Virginia Coastal Plain","Master of Science, VCU, Department of Biology","https://doi.org/10.25772/KFMJ-P165"
"55","*Kellogg, Erik W. 2019. Geospatial analysis of invasive plant species and their threats to ecological functionality at the VCU Rice Rivers Center. Master of Science, VCU, Center for Environmental Studies. https://doi.org/10.25772/PDNQ-RB14","*Kellogg, Erik W.","2019","Geospatial analysis of invasive plant species and their threats to ecological functionality at the VCU Rice Rivers Center","Master of Science, VCU, Center for Environmental Studies","https://doi.org/10.25772/PDNQ-RB14"
"56","*Koren, Lindsey. 2009. Influence of Salinity Variations on the Desorption and Lability of Soil Organic Carbon Associated with Tidal Freshwater Marshes. Master of Science, VCU, Department of Biology. https://doi.org/10.25772/SCXS-HC51 ","*Koren, Lindsey.","2009","Influence of Salinity Variations on the Desorption and Lability of Soil Organic Carbon Associated with Tidal Freshwater Marshes","Master of Science, VCU, Department of Biology","https://doi.org/10.25772/SCXS-HC51"
"57","*Kuechle, Megan A. 2019. Influence of environmental features on spermatophore placement in spotted salamanders (Ambystoma maculatum). Master of Science, VCU, Center for Environmental Studies. https://doi.org/10.25772/GHWK-PM30 ","*Kuechle, Megan A.","2019","Influence of environmental features on spermatophore placement in spotted salamanders (Ambystoma maculatum)","Master of Science, VCU, Center for Environmental Studies","https://doi.org/10.25772/GHWK-PM30"
"58","*Lederer, Brent. 2008. Light and nutrient limitation of phytoplankton production in the tidal-freshwater region of the James River, USA. Master of Science, VCU, Department of Biology. https://vcu.primo.exlibrisgroup.com/permalink/01VCU_INST/hj7ovl/alma99114606660001101 ","*Lederer, Brent.","2008","Light and nutrient limitation of phytoplankton production in the tidal-freshwater region of the James River, USA","Master of Science, VCU, Department of Biology","https://vcu.primo.exlibrisgroup.com/permalink/01VCU_INST/hj7ovl/alma99114606660001101"
"59","*Lee, James H. 2014. A pollination network of Cornus florida. Master of Science, VCU, Department of Mathematical Sciences. https://doi.org/10.25772/X94B-FB78 ","*Lee, James H.","2014","A pollination network of Cornus florida","Master of Science, VCU, Department of Mathematical Sciences","https://doi.org/10.25772/X94B-FB78"
"60","*Levengood, Enjolie. 2017. The effect of combined sewer overflows on the abundance of antibiotic resistance genes and bacteria in the James River. Master of Science, VCU, Department of Biology. https://doi.org/10.25772/6PJS-1Y63","*Levengood, Enjolie.","2017","The effect of combined sewer overflows on the abundance of antibiotic resistance genes and bacteria in the James River","Master of Science, VCU, Department of Biology","https://doi.org/10.25772/6PJS-1Y63"
"61","*Lopez, Ronaldo. 2017. A Study of Sediment Accretion Dynamics in Mature and Restored Tidal Freshwater Forested Wetlands in the James River Watershed using Surface Elevation Tables and Marker Horizons. Master of Science, VCU, Center for Environmental Studies. https://doi.org/10.25772/WY89-YX98","*Lopez, Ronaldo.","2017","A Study of Sediment Accretion Dynamics in Mature and Restored Tidal Freshwater Forested Wetlands in the James River Watershed using Surface Elevation Tables and Marker Horizons","Master of Science, VCU, Center for Environmental Studies","https://doi.org/10.25772/WY89-YX98"
"62","*Lucas, Rikki. 2019. Characterizing water quality and hydrologic properties of urban streams in central Virginia. Master of Science, VCU, Department of Biology. https://doi.org/10.25772/RYVV-5Z93","*Lucas, Rikki.","2019","Characterizing water quality and hydrologic properties of urban streams in central Virginia","Master of Science, VCU, Department of Biology","https://doi.org/10.25772/RYVV-5Z93"
"63","*Luria, Catherine. 2010. Factors influencing the abundance, community composition and activity states of bacterioplankton from the tidal freshwater James River. Master of Science, VCU, Department of Biology. https://doi.org/10.25772/R2K8-XF17 ","*Luria, Catherine.","2010","Factors influencing the abundance, community composition and activity states of bacterioplankton from the tidal freshwater James River","Master of Science, VCU, Department of Biology","https://doi.org/10.25772/R2K8-XF17"
"64","*McCulloch, Danielle. 2017. Pelagic fish diversity and density on and off restored oyster reef habitat. Master of Science, VCU, Center for Environmental Studies. https://doi.org/10.25772/BPH3-AJ59","*McCulloch, Danielle.","2017","Pelagic fish diversity and density on and off restored oyster reef habitat","Master of Science, VCU, Center for Environmental Studies","https://doi.org/10.25772/BPH3-AJ59"
"65","*McDonald, Logan. 2017. Effects of prescribed fire on Cope’s Gray Treefrog (Hyla chrysoscelis) across habitat scales and life stages. Master of Science, VCU, Department of Biology.  https://doi.org/10.25772/NAZS-7E58","*McDonald, Logan.","2017","Effects of prescribed fire on Cope’s Gray Treefrog (Hyla chrysoscelis) across habitat scales and life stages","Master of Science, VCU, Department of Biology","https://doi.org/10.25772/NAZS-7E58"
"66","*McIntyre, Andrew III. 2017. Behavioral responses of sub-adult Atlantic Sturgeon (Acipenser oxyrinchus oxyrinchus) to electromagnetic and magnetic fields under laboratory conditions. Master of Science, VCU, Center for Environmental Studies. https://doi.org/10.25772/SZTR-8221 ","*McIntyre, Andrew III.","2017","Behavioral responses of sub-adult Atlantic Sturgeon (Acipenser oxyrinchus oxyrinchus) to electromagnetic and magnetic fields under laboratory conditions","Master of Science, VCU, Center for Environmental Studies","https://doi.org/10.25772/SZTR-8221"
"67","*Meadows, Crystal. 2011. Determining Impediments to Gene Flow in a Natural Population of Cornus florida L. Cornaceae, Using Integrative Landscape Genetic Techniques. Master of Science, VCU, Department of Biology. https://doi.org/10.25772/7K3M-WA16 ","*Meadows, Crystal.","2011","Determining Impediments to Gene Flow in a Natural Population of Cornus florida L. Cornaceae, Using Integrative Landscape Genetic Techniques","Master of Science, VCU, Department of Biology","https://doi.org/10.25772/7K3M-WA16"
"68","*Moon, Amberly. 2011. Head-start Juvenile and Adult Resident Eastern Box Turtles (Terrapene carolina carolina): Winter Ecology Including Microhabitat Selection, Temperature Tolerance and Philopatry. Master of Science, VCU, Department of Biology. https://doi.org/10.25772/GMDS-7V98 ","*Moon, Amberly.","2011","Head-start Juvenile and Adult Resident Eastern Box Turtles (Terrapene carolina carolina): Winter Ecology Including Microhabitat Selection, Temperature Tolerance and Philopatry","Master of Science, VCU, Department of Biology","https://doi.org/10.25772/GMDS-7V98"
"69","*Morgan, Laura. 2014. A Passive Acoustic and Experimental Study of Juvenile Blue Catfish, Ictalurus furcatus, Sound Production and Agnostic Behavior in the Tidal Freshwater James River. Master of Science, VCU, Department of Biology. https://doi.org/10.25772/0JC7-8Q03","*Morgan, Laura.","2014","A Passive Acoustic and Experimental Study of Juvenile Blue Catfish, Ictalurus furcatus, Sound Production and Agnostic Behavior in the Tidal Freshwater James River","Master of Science, VCU, Department of Biology","https://doi.org/10.25772/0JC7-8Q03"
"70","*Morina, Joseph C. 2022. The influence of salinity on the structure and function of soil prokaryotic communities in coastal freshwater wetlands. Doctor of Philosophy, VCU, Integrative Life Sciences.  https://doi.org/10.25772/43J8-SQ88","*Morina, Joseph C.","2022","The influence of salinity on the structure and function of soil prokaryotic communities in coastal freshwater wetlands","Doctor of Philosophy, VCU, Integrative Life Sciences","https://doi.org/10.25772/43J8-SQ88"
"71","*Morrissey, Ember. 2013. Environmental regulation of tidal wetland microbial communities and associated biogeochemistry. Doctor of Philosophy, VCU, Integrative Life Sciences. https://doi.org/10.25772/GECT-H178","*Morrissey, Ember.","2013","Environmental regulation of tidal wetland microbial communities and associated biogeochemistry","Doctor of Philosophy, VCU, Integrative Life Sciences","https://doi.org/10.25772/GECT-H178"
"72","*Moulton, Ashley. 2017. Short-term Effects of Nutrients on a Barrier Island Grassland Community. Master of Science, VCU, Department of Biology.  https://doi.org/10.25772/KRBJ-TG55 ","*Moulton, Ashley.","2017","Short-term Effects of Nutrients on a Barrier Island Grassland Community","Master of Science, VCU, Department of Biology","https://doi.org/10.25772/KRBJ-TG55"
"73","*Moy, Nicholas J. 2015. The Export of an Algal Toxin into Terrestrial Predators via Emerging Aquatic Insects. Master of Science, VCU, Department of Biology. https://doi.org/10.25772/247H-1670","*Moy, Nicholas J.","2015","The Export of an Algal Toxin into Terrestrial Predators via Emerging Aquatic Insects","Master of Science, VCU, Department of Biology","https://doi.org/10.25772/247H-1670"
"74","*Myrick-Bragg, Kennesha. 2016. Effects of Olfactory Cues on the Movement Behavior of the Predatory Beetle Calosoma wilcoxi. Master of Science, VCU, Department of Biology.  https://doi.org/10.25772/NRNC-EY70","*Myrick-Bragg, Kennesha.","2016","Effects of Olfactory Cues on the Movement Behavior of the Predatory Beetle Calosoma wilcoxi","Master of Science, VCU, Department of Biology","https://doi.org/10.25772/NRNC-EY70"
"75","*Nelson, Abigail J. 2016. Host Densities and Parasitism Rates in a Forest Defoliator Across a Rural-Urban Landscape. Master of Science, VCU, Department of Biology. https://doi.org/10.25772/P8RY-WK82","*Nelson, Abigail J.","2016","Host Densities and Parasitism Rates in a Forest Defoliator Across a Rural-Urban Landscape","Master of Science, VCU, Department of Biology","https://doi.org/10.25772/P8RY-WK82"
"76","*Nelson, Elizabeth. 2009. The presence of amphibian ranavirus in Virginia warm water fish hatchery ponds. Master of Science, VCU, Department of Biology. https://doi.org/10.25772/H8VV-1F06 ","*Nelson, Elizabeth.","2009","The presence of amphibian ranavirus in Virginia warm water fish hatchery ponds","Master of Science, VCU, Department of Biology","https://doi.org/10.25772/H8VV-1F06"
"77","*Owen, Timothy M. 2021. A Spatiotemporal Assessment of Fish Assemblage Response to Land-Use Change and the Evaluation of eDNA Metabarcoding for Describing Diverse Fish Communities. Master of Science, VCU, Center for Environmental Studies.  https://doi.org/10.25772/VVD4-ZH02","*Owen, Timothy M.","2021","A Spatiotemporal Assessment of Fish Assemblage Response to Land-Use Change and the Evaluation of eDNA Metabarcoding for Describing Diverse Fish Communities","Master of Science, VCU, Center for Environmental Studies","https://doi.org/10.25772/VVD4-ZH02"
"78","*Piggot, April. 2014. Reproductive success in hatchery-produced eastern oyster, Crassostrea virginica (gmelin). Master of Science, VCU, Department of Biology. https://doi.org/10.25772/AK51-4N59 ","*Piggot, April.","2014","Reproductive success in hatchery-produced eastern oyster, Crassostrea virginica (gmelin)","Master of Science, VCU, Department of Biology","https://doi.org/10.25772/AK51-4N59"
"79","*Pletcher, Leanna. 2008. The Ecology of Fear: Oviposition and Colonization in Aquatic Systems. Master of Science, VCU, Department of Biology. https://doi.org/10.25772/VBDN-Z012 ","*Pletcher, Leanna.","2008","The Ecology of Fear: Oviposition and Colonization in Aquatic Systems","Master of Science, VCU, Department of Biology","https://doi.org/10.25772/VBDN-Z012"
"80","*Prasse, Christine, 2010. The effects of hydrology and vegetation on microbial community structure and soil function in the sediments of freshwater wetlands. Master of Science, VCU, Department of Biology. https://doi.org/10.25772/5K01-X526 ","*Prasse, Christine,","2010","The effects of hydrology and vegetation on microbial community structure and soil function in the sediments of freshwater wetlands","Master of Science, VCU, Department of Biology","https://doi.org/10.25772/5K01-X526"
"81","*Rawls, Morgan. 2009. An evaluation of bacterial and fungal contributions to organic matter decomposition along a soil moisture gradient. Master of Science, VCU, Department of Biology. https://doi.org/10.25772/VVJY-PW92 ","*Rawls, Morgan.","2009","An evaluation of bacterial and fungal contributions to organic matter decomposition along a soil moisture gradient","Master of Science, VCU, Department of Biology","https://doi.org/10.25772/VVJY-PW92"
"82","*Redwine, Angela. 2013. Reproduction and functional response of Cornus florida across an urban landscape gradient. Master of Science, VCU, Center for Environmental Studies. https://doi.org/10.25772/XPW6-EP73","*Redwine, Angela.","2013","Reproduction and functional response of Cornus florida across an urban landscape gradient","Master of Science, VCU, Center for Environmental Studies","https://doi.org/10.25772/XPW6-EP73"
"83","*Reese, Jessica. 2017. A Range-wide Assessment of Migratory Connectivity for the Prothonotary Warbler Using Stable Hydrogen Isotopes. Master of Science, VCU, Department of Biology. https://doi.org/10.25772/G1YW-RN34","*Reese, Jessica.","2017","A Range-wide Assessment of Migratory Connectivity for the Prothonotary Warbler Using Stable Hydrogen Isotopes","Master of Science, VCU, Department of Biology","https://doi.org/10.25772/G1YW-RN34"
"84","*Riggan, Anna. 2011. Ecological profiling of bird-mosquito interactions in Central Virginia. Master of Science, VCU, Department of Biology. https://doi.org/10.25772/RA57-6Y84 ","*Riggan, Anna.","2011","Ecological profiling of bird-mosquito interactions in Central Virginia","Master of Science, VCU, Department of Biology","https://doi.org/10.25772/RA57-6Y84"
"85","*Roderique, Bonnie A. 2018. Improving the conservation of a cryptic endangered freshwater mussel (Parvaspina collina) through the use of environmental DNA and species distribution modeling. Master of Science, VCU, Center for Environmental Studies. https://doi.org/10.25772/BKDD-6T92","*Roderique, Bonnie A.","2018","Improving the conservation of a cryptic endangered freshwater mussel (Parvaspina collina) through the use of environmental DNA and species distribution modeling","Master of Science, VCU, Center for Environmental Studies","https://doi.org/10.25772/BKDD-6T92"
"86","*Rogers, Samantha L. 2023. Quantifying insect emergence in tidal freshwaters and the importance of aquatic prey in wetland-dependent songbird diet. Doctor of Philosophy, VCU, Integrative Life Sciences. https://doi.org/10.25772/55NJ-P703","*Rogers, Samantha L.","2023","Quantifying insect emergence in tidal freshwaters and the importance of aquatic prey in wetland-dependent songbird diet","Doctor of Philosophy, VCU, Integrative Life Sciences","https://doi.org/10.25772/55NJ-P703"
"87","*Ryan, John-Reid. 2020. Assessing the feasibility of freshwater mussel restoration in urban streams. Master of Science, VCU, Center for Environmental Studies. https://doi.org/10.25772/MCDD-V565","*Ryan, John-Reid.","2020","Assessing the feasibility of freshwater mussel restoration in urban streams","Master of Science, VCU, Center for Environmental Studies","https://doi.org/10.25772/MCDD-V565"
"88","*Schlegel, Anne. 2011. Composition of Suspended and Benthic Particulate Matter in the Tidal Freshwater James River. Master of Science, VCU, Department of Biology. https://doi.org/10.25772/W8M9-1J79 ","*Schlegel, Anne.","2011","Composition of Suspended and Benthic Particulate Matter in the Tidal Freshwater James River","Master of Science, VCU, Department of Biology","https://doi.org/10.25772/W8M9-1J79"
"89","*Schutt, Amanda E. 2012. Using macroinvertebrate community composition to distinguish between natural and anthropogenic sedimentation. Master of Science, VCU, Center for Environmental Studies. https://doi.org/10.25772/KYZV-3H28","*Schutt, Amanda E.","2012","Using macroinvertebrate community composition to distinguish between natural and anthropogenic sedimentation","Master of Science, VCU, Center for Environmental Studies","https://doi.org/10.25772/KYZV-3H28"
"90","*Seelig, Harold. 2010. Spatial and temporal distribution of larval fishes in a large tidal river. Master of Science, VCU, Department of Biology. https://doi.org/10.25772/SMDW-GZ51 ","*Seelig, Harold.","2010","Spatial and temporal distribution of larval fishes in a large tidal river","Master of Science, VCU, Department of Biology","https://doi.org/10.25772/SMDW-GZ51"
"91","*Shiflett, Sheri. 2013. Physiological mechanisms of shrub encroachment: linking enhanced hydraulic capacity to efficient light capture and processing. Doctor of Philosophy, VCU, Integrative Life Sciences. https://doi.org/10.25772/XB5Q-Z432 ","*Shiflett, Sheri.","2013","Physiological mechanisms of shrub encroachment: linking enhanced hydraulic capacity to efficient light capture and processing","Doctor of Philosophy, VCU, Integrative Life Sciences","https://doi.org/10.25772/XB5Q-Z432"
"92","*Sobotka, Molly. 2011. Legacy sediments in streams - effects on nutrient partitioning during simulated re-suspension events. Master of Science, VCU, Department of Biology. https://doi.org/10.25772/G954-NB30 ","*Sobotka, Molly.","2011","Legacy sediments in streams - effects on nutrient partitioning during simulated re-suspension events","Master of Science, VCU, Department of Biology","https://doi.org/10.25772/G954-NB30"
"93","*Staats, Ethan G. 2015. Emergent Non-Consumptive Predator Effects Alter Habitat Colonization by Dipteran Prey. Master of Science, VCU, Department of Biology. https://doi.org/10.25772/NPSQ-5Z80","*Staats, Ethan G.","2015","Emergent Non-Consumptive Predator Effects Alter Habitat Colonization by Dipteran Prey","Master of Science, VCU, Department of Biology","https://doi.org/10.25772/NPSQ-5Z80"
"94","*Stuart, Anne. 2009. Elemental composition and nutrient effect on the uptake and metabolism of dissolved organic carbon by bacteria from a temperate region river. Master of Science, VCU, Center for Environmental Studies. https://doi.org/10.25772/6PG2-H489 ","*Stuart, Anne.","2009","Elemental composition and nutrient effect on the uptake and metabolism of dissolved organic carbon by bacteria from a temperate region river","Master of Science, VCU, Center for Environmental Studies","https://doi.org/10.25772/6PG2-H489"
"95","*Trache, Brendan C. 2015. Physical and Biological Constraints on the Abundance of Cyanobacteria in the James River Estuary. Master of Science, VCU, Department of Biology. https://doi.org/10.25772/KZG5-ER38","*Trache, Brendan C.","2015","Physical and Biological Constraints on the Abundance of Cyanobacteria in the James River Estuary","Master of Science, VCU, Department of Biology","https://doi.org/10.25772/KZG5-ER38"
"96","*Trop, Michael. 2012. A Water Quality Investigation of Kimages Creek. Master of Science, VCU, Center for Environmental Studies. https://doi.org/10.25772/TMQG-JW30","*Trop, Michael.","2012","A Water Quality Investigation of Kimages Creek","Master of Science, VCU, Center for Environmental Studies","https://doi.org/10.25772/TMQG-JW30"
"97","*Tucker, Anna. 2014. The occurrence and consequences of conspecific brood parasitism in the Prothonotary Warbler (Protonotaria citrea). Master of Science, VCU, Department of Biology. https://doi.org/10.25772/70WF-J404","*Tucker, Anna.","2014","The occurrence and consequences of conspecific brood parasitism in the Prothonotary Warbler (Protonotaria citrea)","Master of Science, VCU, Department of Biology","https://doi.org/10.25772/70WF-J404"
"98","*Turrin, Courtney L. 2014. Rise of a Floater Class: Behavioral Adjustments by Breeding Bald Eagles in a Population Approaching Saturation. Master of Arts, The College of William and Mary, Department of Biology. https://dx.doi.org/doi:10.21220/s2-z1gc-qk25   ","*Turrin, Courtney L.","2014","Rise of a Floater Class: Behavioral Adjustments by Breeding Bald Eagles in a Population Approaching Saturation","Master of Arts, The College of William and Mary, Department of Biology","https://dx.doi.org/doi:10.21220/s2-z1gc-qk25"
"99","*Viverette, Catherine B. 2016. Influence of historic landscapes and contemporary species management on Chesapeake Bay bald eagles and osprey. Doctor of Philosophy, VCU, Integrative Life Sciences. https://doi.org/10.25772/D189-9R39","*Viverette, Catherine B.","2016","Influence of historic landscapes and contemporary species management on Chesapeake Bay bald eagles and osprey","Doctor of Philosophy, VCU, Integrative Life Sciences","https://doi.org/10.25772/D189-9R39"
"100","*Wallace, Catherine. 2010. Distribution and molecular analysis of avian malaria vectors on four central Virginia prothonotary warbler (Protonotaria citrea) breeding sites. Master of Science, VCU, Department of Biology.  https://doi.org/10.25772/ACKR-2D50","*Wallace, Catherine.","2010","Distribution and molecular analysis of avian malaria vectors on four central Virginia prothonotary warbler (Protonotaria citrea) breeding sites","Master of Science, VCU, Department of Biology","https://doi.org/10.25772/ACKR-2D50"
"101","*Ward, Richard E. Jr. 2014. Historical tidal forest composition and contemporary woody recruitment following dam removal from a mid-Atlantic coastal plain tidal freshwater wetland. Master of Science, VCU, Department of Biology. https://doi.org/10.25772/76GM-2F38","*Ward, Richard E. Jr.","2014","Historical tidal forest composition and contemporary woody recruitment following dam removal from a mid-Atlantic coastal plain tidal freshwater wetland","Master of Science, VCU, Department of Biology","https://doi.org/10.25772/76GM-2F38"
"102","*Wetzell, Raquel M. 2022. Modification of culture medium and identification of microbial contaminants for improved in vitro propagation of freshwater mussels. Master of Science, VCU, Center for Environmental Studies. https://doi.org/10.25772/2NJ8-PV28 ","*Wetzell, Raquel M.","2022","Modification of culture medium and identification of microbial contaminants for improved in vitro propagation of freshwater mussels","Master of Science, VCU, Center for Environmental Studies","https://doi.org/10.25772/2NJ8-PV28"
"103","*Wood, Joseph. 2010. Seasonal patterns of nutrient retention in a restored tidal freshwater stream of the mid-Atlantic coastal plain. Master of Science, VCU, Department of Biology. https://doi.org/10.25772/2DHZ-6C10","*Wood, Joseph.","2010","Seasonal patterns of nutrient retention in a restored tidal freshwater stream of the mid-Atlantic coastal plain","Master of Science, VCU, Department of Biology","https://doi.org/10.25772/2DHZ-6C10"
"104","*Wood, Joseph. 2014. Causes and Consequences of Algal Blooms in the Tidal Fresh James River. Doctor of Philosophy, VCU, Integrative Life Sciences. https://doi.org/10.25772/8Y48-3Z85","*Wood, Joseph.","2014","Causes and Consequences of Algal Blooms in the Tidal Fresh James River","Doctor of Philosophy, VCU, Integrative Life Sciences","https://doi.org/10.25772/8Y48-3Z85"
"105","Barber, Michael R. 2017. Effects of Hydraulic Dredging and Vessel Operation on Atlantic Sturgeon Behavior in a Large Coastal River. Master of Science, VCU, Department of Biology.  https://doi.org/10.25772/KPFH-Z425","Barber, Michael R.","2017","Effects of Hydraulic Dredging and Vessel Operation on Atlantic Sturgeon Behavior in a Large Coastal River","Master of Science, VCU, Department of Biology","https://doi.org/10.25772/KPFH-Z425"
"106","Barry, Laura E. 2009. Zooplankton abundance, community composition and grazing in the James River Estuary (Virginia, USA). Master of Science, VCU, Department of Biology. Laura E. Barry, 2009, https://doi.org/10.25772/WFVD-SN86","Barry, Laura E.","2009","Zooplankton abundance, community composition and grazing in the James River Estuary (Virginia, USA)","Master of Science, VCU, Department of Biology. Laura E. Barry, 2009,","https://doi.org/10.25772/WFVD-SN86"
"107","Bouchard, Sara. 2019. Singing the Landscape: A Meditation on Song, Sound and Community at the Fall Line of the James River. Master of Fine Arts, VCU, Department of Kinetic Imaging. https://doi.org/10.25772/ETNB-3D97","Bouchard, Sara.","2019","Singing the Landscape: A Meditation on Song, Sound and Community at the Fall Line of the James River","Master of Fine Arts, VCU, Department of Kinetic Imaging","https://doi.org/10.25772/ETNB-3D97"
"108","Brandt, Michael. 2009. Factors limiting benthic algal abundance in Virginia streams of the Coastal Plain. Master of Science, VCU, Center for Environmental Studies. https://doi.org/10.25772/FQY3-5X50 ","Brandt, Michael.","2009","Factors limiting benthic algal abundance in Virginia streams of the Coastal Plain","Master of Science, VCU, Center for Environmental Studies","https://doi.org/10.25772/FQY3-5X50"
"109","Brantly, Steven. 2009. Consequences of shrub encroachment: linking changes in canopy structure to shifts in the resource environment. Doctor of Philosophy, VCU, Integrative Life Sciences. https://doi.org/10.25772/3M82-DB38 ","Brantly, Steven.","2009","Consequences of shrub encroachment: linking changes in canopy structure to shifts in the resource environment","Doctor of Philosophy, VCU, Integrative Life Sciences","https://doi.org/10.25772/3M82-DB38"
"110","Ciminelli, Jennifer C. 2006. A GIS and Remote Sensing Based Analysis of Impervious Surface Influences on Bald Eagle (Haliaeetus leucocephalus) Nest Presence in the Virginia Portion of the Chesapeake Bay. Master of Science, VCU, Center for Environmental Studies. https://doi.org/10.25772/ATVN-V780","Ciminelli, Jennifer C.","2006","A GIS and Remote Sensing Based Analysis of Impervious Surface Influences on Bald Eagle (Haliaeetus leucocephalus) Nest Presence in the Virginia Portion of the Chesapeake Bay","Master of Science, VCU, Center for Environmental Studies","https://doi.org/10.25772/ATVN-V780"
"111","DiLeo, Michelle Francis. 2016. Conserving connectivity: Ecological determinants of gene flow in plants at the landscape scale. Doctor of Philosophy, University of Toronto, Department of Ecology and Evolutionary Biology. https://tspace.library.utoronto.ca/bitstream/1807/76409/3/DiLeo_Michelle_F_201611_PhD_thesis.pdf ","DiLeo, Michelle Francis.","2016","Conserving connectivity: Ecological determinants of gene flow in plants at the landscape scale","Doctor of Philosophy, University of Toronto, Department of Ecology and Evolutionary Biology","https://tspace.library.utoronto.ca/bitstream/1807/76409/3/DiLeo_Michelle_F_201611_PhD_thesis.pdf"
"112","Haase, Maxwell D. 2015. Effects of the Algal Toxin Microcystin on Fishes in the James River, Virginia. Master of Science, VCU, Department of Biology. https://doi.org/10.25772/RF8Z-GA24","Haase, Maxwell D.","2015","Effects of the Algal Toxin Microcystin on Fishes in the James River, Virginia","Master of Science, VCU, Department of Biology","https://doi.org/10.25772/RF8Z-GA24"
"113","Henderson, Rachel. 2021. Water Clarity at the River-Estuary Transition Zone: A Comparative Study of the James, Mattaponi, and Pamunkey Sub-estuaries. Master of Science, VCU, Center for Environmental Studies. https://doi.org/10.25772/BN0C-7K23","Henderson, Rachel.","2021","Water Clarity at the River-Estuary Transition Zone: A Comparative Study of the James, Mattaponi, and Pamunkey Sub-estuaries","Master of Science, VCU, Center for Environmental Studies","https://doi.org/10.25772/BN0C-7K23"
"114","Jones, David. 2009. Patterns of abundance across an urban-rural gradient for commonly found indigenous arthropods. Master of Science, VCU, Center for Environmental Studies. https://doi.org/10.25772/TDJX-BF43 ","Jones, David.","2009","Patterns of abundance across an urban-rural gradient for commonly found indigenous arthropods","Master of Science, VCU, Center for Environmental Studies","https://doi.org/10.25772/TDJX-BF43"
"115","Lahiri, Shweta. 2013. Development of Pectoral Apparatus in Ictalurid Catfish. Master of Science, VCU, Department of Biology. https://doi.org/10.25772/43E8-7117","Lahiri, Shweta.","2013","Development of Pectoral Apparatus in Ictalurid Catfish","Master of Science, VCU, Department of Biology","https://doi.org/10.25772/43E8-7117"
"116","Langford, Briana. 2012. Analysis of the Fish Community on Tidal-Freshwater Constructed Reefs. Master of Science, VCU, Center for Environmental Studies. https://doi.org/10.25772/B7QY-QS54","Langford, Briana.","2012","Analysis of the Fish Community on Tidal-Freshwater Constructed Reefs","Master of Science, VCU, Center for Environmental Studies","https://doi.org/10.25772/B7QY-QS54"
"117","MacDonald, Amy. 2008. Does Light Control Algal Abundance in Large River Systems? Master of Science, VCU, Department of Biology. https://doi.org/10.25772/CZHK-VG50 ","MacDonald, Amy.","2008","Does Light Control Algal Abundance in Large River Systems","Master of Science, VCU, Department of Biology","https://doi.org/10.25772/CZHK-VG50"
"118","Minchew, Caroline A. 2022. Wet, flowering, dry. Master of Fine Arts, VCU, Department of Photography and Film. https://doi.org/10.25772/MK2V-CT06","Minchew, Caroline A.","2022","Wet, flowering, dry","Master of Fine Arts, VCU, Department of Photography and Film","https://doi.org/10.25772/MK2V-CT06"
"119","Moretz, Brittany Ann. 2020. Constraints on Phytoplankton Abundance and Cyanotoxin Production in the Tidal Freshwater James River. Master of Science, VCU, Department of Biology. https://doi.org/10.25772/410F-AM49","Moretz, Brittany Ann.","2020","Constraints on Phytoplankton Abundance and Cyanotoxin Production in the Tidal Freshwater James River","Master of Science, VCU, Department of Biology","https://doi.org/10.25772/410F-AM49"
"120","Moses, Kelsie J. 2023. Salinization Impacts on Heterotrophic Respiration, Ecosystem Respiration, and Plant Productivity in Tidal Freshwater Marshes. Master of Science, VCU, Department of Biology.  https://doi.org/10.25772/HV6B-QV41","Moses, Kelsie J.","2023","Salinization Impacts on Heterotrophic Respiration, Ecosystem Respiration, and Plant Productivity in Tidal Freshwater Marshes","Master of Science, VCU, Department of Biology","https://doi.org/10.25772/HV6B-QV41"
"121","Niccoli, Morgan D. 2013. Are Occupancy Models Feasible Alternatives to Collecting Breeding Data? Master of Science, The College of William and Mary, Department of Biology. https://dx.doi.org/doi:10.21220/s2-a99g-zq83   ","Niccoli, Morgan D.","2013","Are Occupancy Models Feasible Alternatives to Collecting Breeding Data","Master of Science, The College of William and Mary, Department of Biology","https://dx.doi.org/doi:10.21220/s2-a99g-zq83"
"122","Nickley, Benjamin. 2018. Red-headed Woodpecker Full Annual Cycle Ecology at Fort A.P. Hill, Virginia. Master of Science, VCU, Department of Biology. https://doi.org/10.25772/T3HM-3P46","Nickley, Benjamin.","2018","Red-headed Woodpecker Full Annual Cycle Ecology at Fort A.P. Hill, Virginia","Master of Science, VCU, Department of Biology","https://doi.org/10.25772/T3HM-3P46"
"123","Porter, Aaron. 2011. Microbial community function in freshwater wetland soils: using extracellular enzyme analysis to study the effect of moisture and vegetation. Master of Science, VCU, Center for Environmental Studies. https://doi.org/10.25772/KMGV-ZR84 ","Porter, Aaron.","2011","Microbial community function in freshwater wetland soils: using extracellular enzyme analysis to study the effect of moisture and vegetation","Master of Science, VCU, Center for Environmental Studies","https://doi.org/10.25772/KMGV-ZR84"
"124","Qin, Qubin. 2019. Impacts of Physical Transport on Estuarine Phytoplankton Dynamics and Harmful Algal Blooms. Doctor of Philosophy, The College of William and Mary, School of Marine Science. http://dx.doi.org/10.25773/v5-h808-1x32 ","Qin, Qubin.","2019","Impacts of Physical Transport on Estuarine Phytoplankton Dynamics and Harmful Algal Blooms","Doctor of Philosophy, The College of William and Mary, School of Marine Science","http://dx.doi.org/10.25773/v5-h808-1x32"
"125","Shaw, Rebekha. 2009. Shrinking the Janzen-Connell Doughnut: Consequences of an Invasive Multiplier (Microstegium vimineum) on the Mid-canopy in a Mixed Pine-Oak Forest. Master of Science, VCU, Center for Environmental Studies. https://doi.org/10.25772/3X5S-2957 ","Shaw, Rebekha.","2009","Shrinking the Janzen-Connell Doughnut: Consequences of an Invasive Multiplier (Microstegium vimineum) on the Mid-canopy in a Mixed Pine-Oak Forest","Master of Science, VCU, Center for Environmental Studies","https://doi.org/10.25772/3X5S-2957"
"126","Stickley, Samuel F. 2015. Long-Term Effects of Land Cover Change on Fish Assemblage Structure in the Piedmont and Coastal Plain Regions of Virginia. Master of Science, VCU, Center for Environmental Studies. https://doi.org/10.25772/G3CP-WN02","Stickley, Samuel F.","2015","Long-Term Effects of Land Cover Change on Fish Assemblage Structure in the Piedmont and Coastal Plain Regions of Virginia","Master of Science, VCU, Center for Environmental Studies","https://doi.org/10.25772/G3CP-WN02"
"127","Sturke, Peter M. 2011. Growth of Age-0 Atlantic menhaden (Brevoortia tyrannus) in Two Tidal Freshwater Tributaries of Chesapeake Bay. Master of Science, VCU, Department of Biology. https://doi.org/10.25772/6M9X-0T43 ","Sturke, Peter M.","2011","Growth of Age-0 Atlantic menhaden (Brevoortia tyrannus) in Two Tidal Freshwater Tributaries of Chesapeake Bay","Master of Science, VCU, Department of Biology","https://doi.org/10.25772/6M9X-0T43"
"128","Tassone, Spencer. 2017. A comparison of computational methods for estimating estuarine production and respiration from diel open water dissolved oxygen measurements. Master of Science, VCU, Department of Biology. https://doi.org/10.25772/5906-DS96 ","Tassone, Spencer.","2017","A comparison of computational methods for estimating estuarine production and respiration from diel open water dissolved oxygen measurements","Master of Science, VCU, Department of Biology","https://doi.org/10.25772/5906-DS96"
"129","Thornton, Victor. 2018. Determining tidal characteristics in a restored tidal wetland using unmanned aerial vehicles and derived data. Master of Science, VCU, Center for Environmental Studies.  https://doi.org/10.25772/4QGZ-N130 ","Thornton, Victor.","2018","Determining tidal characteristics in a restored tidal wetland using unmanned aerial vehicles and derived data","Master of Science, VCU, Center for Environmental Studies","https://doi.org/10.25772/4QGZ-N130"
"130","VanDevelder, Melinda J. 2018. A watershed moment: implementing state environmental literacy policy into a central Virginia school district. Doctor of Philosophy, VCU, School of Education. https://doi.org/10.25772/R2Y3-Q296","VanDevelder, Melinda J.","2018","A watershed moment: implementing state environmental literacy policy into a central Virginia school district","Doctor of Philosophy, VCU, School of Education","https://doi.org/10.25772/R2Y3-Q296"
"131","Viverette, Catherine B. 2004. A longitudinal analysis of the James River, Virginia fish assemblage. Master of Science, VCU, Center for Environmental Studies. https://vcu.primo.exlibrisgroup.com/discovery/fulldisplay?context=L&vid=01VCU_INST:VCUL&search_scope=MyInst_and_CI&tab=Everything&docid=alma99121436790001101","Viverette, Catherine B.","2004","A longitudinal analysis of the James River, Virginia fish assemblage","Master of Science, VCU, Center for Environmental Studies","https://vcu.primo.exlibrisgroup.com/discovery/fulldisplay?context=L&vid=01VCU_INST:VCUL&search_scope=MyInst_and_CI&tab=Everything&docid=alma99121436790001101"
"132","Walter, Abigail L. 2019. Factors influencing parental care and home range size of a monomorphic species, the Red-headed Woodpecker (Melanerpes erythrocephalus). Master of Science, VCU, Department of Biology. https://doi.org/10.25772/8V4K-DJ55","Walter, Abigail L.","2019","Factors influencing parental care and home range size of a monomorphic species, the Red-headed Woodpecker (Melanerpes erythrocephalus)","Master of Science, VCU, Department of Biology","https://doi.org/10.25772/8V4K-DJ55"
"133","Williams, Laura. 2012. The effects of river sediment, endosulfan, and moderate hypoxia on blue crabs (Callinectes sapidus) from the tidal, freshwater James River. Master of Science, VCU, Center for Environmental Studies. https://doi.org/10.25772/DS6K-EF45","Williams, Laura.","2012","The effects of river sediment, endosulfan, and moderate hypoxia on blue crabs (Callinectes sapidus) from the tidal, freshwater James River","Master of Science, VCU, Center for Environmental Studies","https://doi.org/10.25772/DS6K-EF45"
